U93030DL2010PTC198141,Success
U72900KA2010PTC086596,Success
U72200DL2000PLC108985,Success
U74130KA2005PTC087280,Success
U52590HR2011PTC055841,Success
U74140DL2011FTC226246,Success
U40100TN2010PTC075961,Success
U51109KA2012PTC066107,Success
U72300DL2007PTC168097,Success
U51909KA2011PTC060707,Success
U74900MH2000PTC126237,Success
U74140HR2015FTC055568,Success
U63000DL2012PTC241107,Success
U63090GJ2012PTC107088,Success
U64201HR2008PTC053766,Success
U33100DL2008PTC178355,Success
U67190TN2008PTC066350,Success
U72200RJ2006PTC023499,Success
U99999MH1999PTC120990,Success
U80903KA2011PTC061427,Success
U65910DL1998PTC093878,Success
U74900KA2012PTC062482,Success
U74900MH2015PTC266257,Success
U74140DL2012PTC237075,Success
U72900KA2013PTC080633,Success
U74990MH2011PTC220126,Success
U74999KA2012PTC062610,Success
U52390KA2014PTC074986,"('Connection aborted.', RemoteDisconnected('Remote end closed connection without response',))"
